_id,sec_8k,sec_10q,sec_10k,tier1,urg_high,urg_med,kw_hits,has_tickers,on_watch,llm_conf,hours_old,y,ev_ceo_exit,ev_mna,ev_other_events,ev_reg_fd,ev_shareholder_vote,ev_security_holder_rights_change,ev_auditor_change,ev_earnings_surprise,ev_unregistered_sale,ev_geopolitics,ev_rates,ev_regulatory,ev_IPO,ev_central_bank,ev_sector_shock,ev_acquisition
0eb97c242205de5d,1,0,0,0,1,0,0,0,0,0.55,0.0014753322222222,1.0,1.0,0,0,0.0,0.0,0.0,0.0,0,0.0,0.0,,,,,,
b07314e4688276c5,1,0,0,0,1,0,0,0,0,0.5,0.0014753366666666,1.0,0.0,1,0,0.0,0.0,0.0,0.0,0,0.0,0.0,,,,,,
a8a5aeed9cbdc614,1,0,0,0,0,1,0,0,0,0.5,0.0014753394444444,0.0,0.0,0,1,0.0,0.0,0.0,0.0,0,0.0,0.0,,,,,,
eb8b73024f0d3cd4,1,0,0,0,1,0,0,0,0,0.5,0.0014753416666666,1.0,0.0,1,0,0.0,0.0,0.0,0.0,0,0.0,0.0,,,,,,
92d16d45889edcf8,1,0,0,0,0,1,0,0,0,0.5,0.0014753438888888,0.0,0.0,0,1,0.0,0.0,0.0,0.0,0,0.0,0.0,,,,,,
002b2f435bf960d4,1,0,0,0,1,0,0,0,0,0.5,0.0014753463888888,1.0,0.0,1,0,0.0,0.0,0.0,0.0,0,0.0,0.0,,,,,,
de6a039bbeaa7a3f,1,0,0,0,0,1,0,0,0,0.5,0.0014753486111111,0.0,0.0,0,1,0.0,0.0,0.0,0.0,0,0.0,0.0,,,,,,
108e8706ebc3b13d,1,0,0,0,0,1,0,0,0,0.5,0.0014753544444444,0.0,0.0,0,0,1.0,0.0,0.0,0.0,0,0.0,0.0,,,,,,
2ecb95002bba4e20,1,0,0,0,0,1,0,0,0,0.5,0.0014753577777777,0.0,0.0,0,1,0.0,0.0,0.0,0.0,0,0.0,0.0,,,,,,
059c379898d1fba1,1,0,0,0,1,0,0,0,0,0.55,0.0014753602777777,1.0,1.0,0,0,0.0,0.0,0.0,0.0,0,0.0,0.0,,,,,,
5b095a3e571fa22a,1,0,0,0,0,0,0,0,0,0.5,0.0014753627777777,0.0,0.0,0,0,0.0,1.0,0.0,0.0,0,0.0,0.0,,,,,,
5531273020a0b880,1,0,0,0,1,0,0,0,0,0.55,0.001475365,1.0,1.0,0,0,0.0,0.0,0.0,0.0,0,0.0,0.0,,,,,,
1e66aaa72c904c4c,1,0,0,0,0,1,0,0,0,0.5,0.0014753680555555,0.0,0.0,0,0,0.0,0.0,1.0,0.0,0,0.0,0.0,,,,,,
906946aefec69db1,1,0,0,0,1,0,1,0,0,0.5,0.0014753702777777,1.0,0.0,1,0,0.0,0.0,0.0,0.0,0,0.0,0.0,,,,,,
9fc9f96600268ae0,1,0,0,0,0,1,0,0,0,0.5,0.0014753725,0.0,0.0,0,1,0.0,0.0,0.0,0.0,0,0.0,0.0,,,,,,
016414a1f19c9aa7,1,0,0,0,1,0,0,0,0,0.55,0.0014753747222222,1.0,1.0,0,0,0.0,0.0,0.0,0.0,0,0.0,0.0,,,,,,
c05cae4945c39e6d,1,0,0,0,1,0,0,0,0,0.5,0.0014753766666666,1.0,0.0,0,0,0.0,0.0,0.0,1.0,0,0.0,0.0,,,,,,
621e39039c38ebc1,1,0,0,0,1,0,0,0,0,0.55,0.0014753788888888,1.0,1.0,0,0,0.0,0.0,0.0,0.0,0,0.0,0.0,,,,,,
886adea77c6e5dce,1,0,0,0,1,0,0,0,0,0.55,0.0014753811111111,1.0,1.0,0,0,0.0,0.0,0.0,0.0,0,0.0,0.0,,,,,,
e67fc5b4d895453d,1,0,0,0,1,0,1,0,0,0.5,0.0014753833333333,1.0,0.0,1,0,0.0,0.0,0.0,0.0,0,0.0,0.0,,,,,,
85e8946ba43772e9,1,0,0,0,1,0,0,0,0,0.5,0.0014753855555555,1.0,0.0,1,0,0.0,0.0,0.0,0.0,0,0.0,0.0,,,,,,
7461a900b8fd8ad1,1,0,0,0,0,1,1,0,0,0.5,0.0014753877777777,0.0,0.0,0,0,0.0,0.0,1.0,0.0,0,0.0,0.0,,,,,,
8265aaeffca6c804,1,0,0,0,0,0,0,0,0,0.5,0.0014753897222222,0.0,0.0,0,1,0.0,0.0,0.0,0.0,0,0.0,0.0,,,,,,
702996c3de8c9f13,1,0,0,0,0,1,0,0,0,0.5,0.0014753919444444,0.0,0.0,0,0,0.0,0.0,1.0,0.0,0,0.0,0.0,,,,,,
a5732534662c6fb0,1,0,0,0,1,0,0,0,0,0.55,0.0014753941666666,1.0,1.0,0,0,0.0,0.0,0.0,0.0,0,0.0,0.0,,,,,,
6cdc77624d235da8,1,0,0,0,1,0,0,0,0,0.55,0.0014753961111111,1.0,1.0,0,0,0.0,0.0,0.0,0.0,0,0.0,0.0,,,,,,
af7375e4ebdd258a,1,0,0,0,1,0,0,0,0,0.55,0.0014753983333333,1.0,1.0,0,0,0.0,0.0,0.0,0.0,0,0.0,0.0,,,,,,
359a87e9e36600a9,1,0,0,0,1,0,0,0,0,0.55,0.0014754002777777,1.0,1.0,0,0,0.0,0.0,0.0,0.0,0,0.0,0.0,,,,,,
fe6eaacc26e93dcf,1,0,0,0,0,0,0,0,0,0.5,0.0014754022222222,0.0,0.0,0,0,0.0,1.0,0.0,0.0,0,0.0,0.0,,,,,,
ce20cd9e52e30786,1,0,0,0,0,0,0,0,0,0.5,0.0014754041666666,0.0,0.0,0,0,0.0,1.0,0.0,0.0,0,0.0,0.0,,,,,,
efdafed984ab493f,1,0,0,0,0,1,0,0,0,0.5,0.0014754063888888,0.0,0.0,0,1,0.0,0.0,0.0,0.0,0,0.0,0.0,,,,,,
36866aab32e4c7aa,1,0,0,0,1,0,0,0,0,0.5,0.0014754086111111,1.0,0.0,1,0,0.0,0.0,0.0,0.0,0,0.0,0.0,,,,,,
8703bdbfba3421fd,1,0,0,0,1,0,0,0,0,0.55,0.0014754108333333,1.0,1.0,0,0,0.0,0.0,0.0,0.0,0,0.0,0.0,,,,,,
aae0c2b83c2f65b4,1,0,0,0,1,0,0,0,0,0.5,0.0014754130555555,1.0,0.0,1,0,0.0,0.0,0.0,0.0,0,0.0,0.0,,,,,,
fbf856d7a6ce5c50,1,0,0,0,0,1,0,0,0,0.5,0.0014754152777777,0.0,0.0,0,0,0.0,0.0,1.0,0.0,0,0.0,0.0,,,,,,
0815338e128ce45d,1,0,0,0,0,0,0,0,0,0.5,0.0014754172222222,0.0,0.0,0,0,0.0,1.0,0.0,0.0,0,0.0,0.0,,,,,,
1aab87c481d4b786,1,0,0,0,1,0,0,0,0,0.5,0.0014754191666666,1.0,0.0,0,0,0.0,0.0,0.0,0.0,1,0.0,0.0,,,,,,
c2c2b54f809562e0,1,0,0,0,0,0,0,0,0,0.5,0.0014754211111111,0.0,0.0,0,1,0.0,0.0,0.0,0.0,0,0.0,0.0,,,,,,
0e789dcd7857c39b,1,0,0,0,1,0,0,0,0,0.55,0.0014754230555555,1.0,1.0,0,0,0.0,0.0,0.0,0.0,0,0.0,0.0,,,,,,
33966a38cf4e9b42,1,0,0,0,1,0,0,0,0,0.5,0.001475425,1.0,0.0,1,0,0.0,0.0,0.0,0.0,0,0.0,0.0,,,,,,
5dc0f701ba0db78a,1,0,0,0,0,0,0,0,0,0.5,0.0014754269444444,0.0,0.0,0,0,0.0,1.0,0.0,0.0,0,0.0,0.0,,,,,,
9306c1d127245acf,1,0,0,0,1,0,1,0,0,0.5,0.0014754291666666,1.0,0.0,1,0,0.0,0.0,0.0,0.0,0,0.0,0.0,,,,,,
418ea64a0e6cfce6,1,0,0,0,0,1,0,0,0,0.5,0.0014754311111111,0.0,0.0,0,0,1.0,0.0,0.0,0.0,0,0.0,0.0,,,,,,
eab454a79966d4dc,1,0,0,0,1,0,0,0,0,0.55,0.0014754333333333,1.0,1.0,0,0,0.0,0.0,0.0,0.0,0,0.0,0.0,,,,,,
9b4da907ee1147ea,1,0,0,0,0,1,0,0,0,0.5,0.0014754352777777,0.0,0.0,0,0,0.0,0.0,0.0,0.0,0,1.0,0.0,,,,,,
281c03db84679f41,1,0,0,0,0,1,0,0,0,0.5,0.0014754375,0.0,0.0,0,1,0.0,0.0,0.0,0.0,0,0.0,0.0,,,,,,
4c3474fa203d2d3c,1,0,0,0,0,1,0,0,0,0.5,0.0014754397222222,0.0,0.0,0,0,1.0,0.0,0.0,0.0,0,0.0,0.0,,,,,,
faf7e9a986881a37,1,0,0,0,1,0,0,0,0,0.5,0.0014754416666666,1.0,0.0,1,0,0.0,0.0,0.0,0.0,0,0.0,0.0,,,,,,
a3fe1392ef699426,1,0,0,0,1,0,0,0,0,0.55,0.0014754438888888,1.0,1.0,0,0,0.0,0.0,0.0,0.0,0,0.0,0.0,,,,,,
5dc46362ec35b825,1,0,0,0,0,1,0,0,0,0.5,0.0014754461111111,0.0,0.0,0,1,0.0,0.0,0.0,0.0,0,0.0,0.0,,,,,,
4ca613e446bc8ebf,1,0,0,0,1,0,0,0,0,0.5,0.0014754480555555,1.0,0.0,1,0,0.0,0.0,0.0,0.0,0,0.0,0.0,,,,,,
d9372b207874a451,1,0,0,0,1,0,0,0,0,0.5,0.00147545,1.0,0.0,1,0,0.0,0.0,0.0,0.0,0,0.0,0.0,,,,,,
599a7563ed585d4a,1,0,0,0,1,0,0,0,0,0.55,0.0014754527777777,1.0,1.0,0,0,0.0,0.0,0.0,0.0,0,0.0,0.0,,,,,,
cf225e026e7b9825,1,0,0,0,1,0,0,0,0,0.55,0.001475455,1.0,1.0,0,0,0.0,0.0,0.0,0.0,0,0.0,0.0,,,,,,
9a4abe1533c60fa9,1,0,0,0,1,0,0,0,0,0.55,0.0014754569444444,1.0,1.0,0,0,0.0,0.0,0.0,0.0,0,0.0,0.0,,,,,,
cf2e02df7f6ac4ea,1,0,0,0,0,1,0,0,0,0.5,0.0014754588888888,0.0,0.0,0,1,0.0,0.0,0.0,0.0,0,0.0,0.0,,,,,,
13354fc45323df82,1,0,0,0,0,1,0,0,0,0.5,0.0014754611111111,0.0,0.0,0,0,1.0,0.0,0.0,0.0,0,0.0,0.0,,,,,,
31f2adf0b780cd60,1,0,0,0,0,1,0,0,0,0.5,0.0014754638888888,0.0,0.0,0,1,0.0,0.0,0.0,0.0,0,0.0,0.0,,,,,,
9514c49565ab84fc,1,0,0,0,1,0,0,0,0,0.5,0.0014754658333333,1.0,0.0,1,0,0.0,0.0,0.0,0.0,0,0.0,0.0,,,,,,
ff80a03fe7fd50b5,1,0,0,0,1,0,0,0,0,0.55,0.0014754686111111,1.0,1.0,0,0,0.0,0.0,0.0,0.0,0,0.0,0.0,,,,,,
1a449dd472d34718,1,0,0,0,1,0,0,0,0,0.55,0.0014754708333333,1.0,1.0,0,0,0.0,0.0,0.0,0.0,0,0.0,0.0,,,,,,
65744cb356f7e3b8,1,0,0,0,0,1,0,0,0,0.5,0.0014754727777777,0.0,0.0,0,0,1.0,0.0,0.0,0.0,0,0.0,0.0,,,,,,
b58f0f5c87323212,1,0,0,0,1,0,0,0,0,0.5,0.001475475,1.0,0.0,1,0,0.0,0.0,0.0,0.0,0,0.0,0.0,,,,,,
4fc706d616273047,1,0,0,0,1,0,0,0,0,0.55,0.0014754772222222,1.0,1.0,0,0,0.0,0.0,0.0,0.0,0,0.0,0.0,,,,,,
4caec27c6d0ffca5,1,0,0,0,1,0,0,0,0,0.5,0.0014754794444444,1.0,1.0,0,0,0.0,0.0,0.0,0.0,0,0.0,0.0,,,,,,
5e744b2d5d99a77a,1,0,0,0,0,1,1,0,0,0.5,0.0014754816666666,0.0,0.0,0,1,0.0,0.0,0.0,0.0,0,0.0,0.0,,,,,,
83586ca5a21c41a4,1,0,0,0,0,1,0,0,0,0.5,0.0014754836111111,0.0,0.0,0,1,0.0,0.0,0.0,0.0,0,0.0,0.0,,,,,,
252bf12d8414e386,1,0,0,0,1,0,0,0,0,0.5,0.0014754858333333,1.0,0.0,1,0,0.0,0.0,0.0,0.0,0,0.0,0.0,,,,,,
d2c1e9d62839eed4,1,0,0,0,1,0,0,0,0,0.5,0.0014754877777777,1.0,0.0,0,0,0.0,0.0,0.0,1.0,0,0.0,0.0,,,,,,
677d43ae4f10c06e,1,0,0,0,1,0,0,0,0,0.5,0.0014754897222222,1.0,1.0,0,0,0.0,0.0,0.0,0.0,0,0.0,0.0,,,,,,
7df506bbc64cc4d3,1,0,0,0,0,1,0,0,0,0.5,0.0014754919444444,0.0,0.0,0,1,0.0,0.0,0.0,0.0,0,0.0,0.0,,,,,,
4e618838e97b2c0f,1,0,0,0,0,1,0,0,0,0.5,0.0014754938888888,0.0,0.0,0,1,0.0,0.0,0.0,0.0,0,0.0,0.0,,,,,,
fe6d398b81961a73,1,0,0,0,0,1,0,0,0,0.5,0.0014754958333333,0.0,0.0,0,1,0.0,0.0,0.0,0.0,0,0.0,0.0,,,,,,
77719b6fb9c4f360,1,0,0,0,1,0,0,0,0,0.5,0.0014754980555555,1.0,0.0,1,0,0.0,0.0,0.0,0.0,0,0.0,0.0,,,,,,
f588e7fe53196d3f,1,0,0,0,1,0,0,0,0,0.5,0.0014755,1.0,0.0,1,0,0.0,0.0,0.0,0.0,0,0.0,0.0,,,,,,
b058a20aceb9c5be,1,0,0,0,1,0,0,0,0,0.5,0.0014755022222222,1.0,1.0,0,0,0.0,0.0,0.0,0.0,0,0.0,0.0,,,,,,
79880af4c3ea7bb0,1,0,0,0,1,0,0,0,0,0.5,0.0014755041666666,1.0,1.0,0,0,0.0,0.0,0.0,0.0,0,0.0,0.0,,,,,,
258df934049e7107,1,0,0,0,1,0,0,0,0,0.5,0.0014755066666666,1.0,0.0,1,0,0.0,0.0,0.0,0.0,0,0.0,0.0,,,,,,
64c38ed01c89bc6d,1,0,0,0,1,0,0,0,0,0.5,0.0014755086111111,1.0,1.0,0,0,0.0,0.0,0.0,0.0,0,0.0,0.0,,,,,,
fb3122e49d159ed8,1,0,0,0,0,0,0,0,0,0.5,0.0014755108333333,0.0,0.0,0,1,0.0,0.0,0.0,0.0,0,0.0,0.0,,,,,,
5b004a88989ca0ad,1,0,0,0,1,0,0,0,0,0.5,0.0014755127777777,1.0,0.0,1,0,0.0,0.0,0.0,0.0,0,0.0,0.0,,,,,,
985cb3a51a2642d1,1,0,0,0,1,0,0,0,0,0.5,0.0014755147222222,1.0,0.0,1,0,0.0,0.0,0.0,0.0,0,0.0,0.0,,,,,,
9fa3a71810af3217,1,0,0,0,0,1,0,0,0,0.5,0.0014755169444444,0.0,0.0,0,1,0.0,0.0,0.0,0.0,0,0.0,0.0,,,,,,
5b7f15c4d6e3171b,1,0,0,0,1,0,0,0,0,0.5,0.0014755191666666,1.0,1.0,0,0,0.0,0.0,0.0,0.0,0,0.0,0.0,,,,,,
e6d5c280c9d44e0c,1,0,0,0,1,0,0,0,0,0.5,0.0014755213888888,1.0,1.0,0,0,0.0,0.0,0.0,0.0,0,0.0,0.0,,,,,,
fdd7f25d4cf906c2,1,0,0,0,0,1,0,0,0,0.5,0.0014755233333333,0.0,0.0,0,0,0.0,0.0,1.0,0.0,0,0.0,0.0,,,,,,
229b4858d7c0121a,1,0,0,0,0,1,0,0,0,0.5,0.0014755255555555,0.0,0.0,0,1,0.0,0.0,0.0,0.0,0,0.0,0.0,,,,,,
2f7877327a06d9a9,1,0,0,0,0,1,0,0,0,0.5,0.0014755283333333,0.0,0.0,0,1,0.0,0.0,0.0,0.0,0,0.0,0.0,,,,,,
62a256185de531b4,1,0,0,0,0,1,0,0,0,0.5,0.0014755305555555,0.0,0.0,0,0,0.0,0.0,0.0,0.0,0,1.0,0.0,,,,,,
2f518641c6f042aa,1,0,0,0,1,0,0,0,0,0.5,0.0014755325,1.0,0.0,0,0,0.0,0.0,0.0,1.0,0,0.0,0.0,,,,,,
87b8cf6be07ef167,1,0,0,0,1,0,0,0,0,0.5,0.0014755347222222,1.0,0.0,1,0,0.0,0.0,0.0,0.0,0,0.0,0.0,,,,,,
90c946e768f2a24d,1,0,0,0,1,0,0,0,0,0.5,0.0014755369444444,1.0,0.0,1,0,0.0,0.0,0.0,0.0,0,0.0,0.0,,,,,,
9e7f9562b8ff9c0d,1,0,0,0,0,1,1,0,0,0.5,0.0014755394444444,0.0,0.0,0,1,0.0,0.0,0.0,0.0,0,0.0,0.0,,,,,,
aab958e2cfe534cb,1,0,0,0,1,0,0,0,0,0.5,0.0014755416666666,1.0,1.0,0,0,0.0,0.0,0.0,0.0,0,0.0,0.0,,,,,,
de598896260b7dd0,1,0,0,0,1,0,0,0,0,0.5,0.0014755436111111,1.0,0.0,1,0,0.0,0.0,0.0,0.0,0,0.0,0.0,,,,,,
eb4fab71b73a8fd3,1,0,0,0,1,0,0,0,0,0.5,0.0014755458333333,1.0,1.0,0,0,0.0,0.0,0.0,0.0,0,0.0,0.0,,,,,,
c3b41dd3adeb530d,1,0,0,0,1,0,0,0,0,0.5,0.0014755488888888,1.0,0.0,1,0,0.0,0.0,0.0,0.0,0,0.0,0.0,,,,,,
ea9265246d2e258d,1,0,0,0,1,0,0,0,0,0.5,0.0014755508333333,1.0,0.0,1,0,0.0,0.0,0.0,0.0,0,0.0,0.0,,,,,,
ce3e74c36045f4fc,1,0,0,0,0,1,0,0,0,0.5,0.0014755527777777,0.0,0.0,0,1,0.0,0.0,0.0,0.0,0,0.0,0.0,,,,,,
865e7af1034c837d,1,0,0,0,1,0,0,0,0,0.5,0.0014755547222222,1.0,1.0,0,0,0.0,0.0,0.0,0.0,0,0.0,0.0,,,,,,
d71845eacad1a633,0,1,0,0,0,0,0,0,0,0.5,0.0009200016666666,0.0,0.0,0,1,0.0,0.0,0.0,0.0,0,0.0,0.0,,,,,,
6a44e19e8b8dc6bd,0,1,0,0,0,0,1,0,0,0.5,0.0009200038888888,0.0,0.0,0,1,0.0,0.0,0.0,0.0,0,0.0,0.0,,,,,,
a485f5bff01c6aca,0,1,0,0,0,0,0,0,0,0.5,0.0009200058333333,0.0,0.0,0,1,0.0,0.0,0.0,0.0,0,0.0,0.0,,,,,,
8a540e234a037cb2,0,1,0,0,0,0,0,0,0,0.5,0.0009200077777777,0.0,0.0,0,1,0.0,0.0,0.0,0.0,0,0.0,0.0,,,,,,
dae0a742714760dd,0,1,0,0,0,0,1,0,0,0.5,0.00092001,0.0,0.0,0,1,0.0,0.0,0.0,0.0,0,0.0,0.0,,,,,,
e11313a21c56b293,0,1,0,0,0,0,0,0,0,0.5,0.0009200119444444,0.0,0.0,0,1,0.0,0.0,0.0,0.0,0,0.0,0.0,,,,,,
1a47011e732d6381,0,1,0,0,0,0,0,0,0,0.5,0.0009200138888888,0.0,0.0,0,1,0.0,0.0,0.0,0.0,0,0.0,0.0,,,,,,
3afcbe0393977573,0,1,0,0,0,0,0,0,0,0.5,0.0009200158333333,0.0,0.0,0,1,0.0,0.0,0.0,0.0,0,0.0,0.0,,,,,,
eeb64d5e30499d72,0,1,0,0,0,0,0,0,0,0.5,0.0009200177777777,0.0,0.0,0,1,0.0,0.0,0.0,0.0,0,0.0,0.0,,,,,,
3f0d7ebad3c4b5c5,0,1,0,0,0,0,1,0,0,0.5,0.0009200202777777,0.0,0.0,0,1,0.0,0.0,0.0,0.0,0,0.0,0.0,,,,,,
849c0b3c08323248,0,1,0,0,0,0,0,0,0,0.5,0.0009200222222222,0.0,0.0,0,1,0.0,0.0,0.0,0.0,0,0.0,0.0,,,,,,
6353c83fc1495b24,0,1,0,0,0,0,0,1,1,0.5,0.0009200258333333,0.0,0.0,0,1,0.0,0.0,0.0,0.0,0,0.0,0.0,,,,,,
6702e772505f911d,0,1,0,0,0,0,0,0,0,0.5,0.0009200280555555,0.0,0.0,0,1,0.0,0.0,0.0,0.0,0,0.0,0.0,,,,,,
f0578d1f0b4c7b90,0,1,0,0,0,0,0,0,0,0.5,0.0009200302777777,0.0,0.0,0,1,0.0,0.0,0.0,0.0,0,0.0,0.0,,,,,,
79a839a0de77f00a,0,1,0,0,0,0,0,0,0,0.5,0.0009200369444444,0.0,0.0,0,1,0.0,0.0,0.0,0.0,0,0.0,0.0,,,,,,
ced17020dd1d9982,0,1,0,0,0,0,0,0,0,0.5,0.0009200391666666,0.0,0.0,0,1,0.0,0.0,0.0,0.0,0,0.0,0.0,,,,,,
343b3ba6e323a58e,0,0,1,0,0,0,0,0,0,0.5,0.0006422636111111,0.0,0.0,0,1,0.0,0.0,0.0,0.0,0,0.0,0.0,,,,,,
c273c2b330835cfa,0,0,1,0,0,0,0,0,0,0.5,0.0006422658333333,0.0,0.0,0,1,0.0,0.0,0.0,0.0,0,0.0,0.0,,,,,,
6047ecf66df83d16,0,0,1,0,0,0,0,0,0,0.5,0.0006422677777777,0.0,0.0,0,1,0.0,0.0,0.0,0.0,0,0.0,0.0,,,,,,
8039e62bb068aea3,0,0,1,0,0,0,0,0,0,0.5,0.0006422697222222,0.0,0.0,0,1,0.0,0.0,0.0,0.0,0,0.0,0.0,,,,,,
06a241479134046c,0,0,1,0,0,0,0,0,0,0.5,0.0006422725,0.0,0.0,0,1,0.0,0.0,0.0,0.0,0,0.0,0.0,,,,,,
d76032f5c830560d,0,0,1,0,0,0,0,0,0,0.5,0.0006422744444444,0.0,0.0,0,1,0.0,0.0,0.0,0.0,0,0.0,0.0,,,,,,
303aa5d37a4096a5,0,0,1,0,0,0,0,0,0,0.5,0.0006422766666666,0.0,0.0,0,1,0.0,0.0,0.0,0.0,0,0.0,0.0,,,,,,
ef6414b55348fafa,0,0,1,0,0,0,0,0,0,0.5,0.0006422786111111,0.0,0.0,0,1,0.0,0.0,0.0,0.0,0,0.0,0.0,,,,,,
e91d27e820bd689d,0,0,1,0,0,0,0,0,0,0.5,0.0006422805555555,0.0,0.0,0,1,0.0,0.0,0.0,0.0,0,0.0,0.0,,,,,,
cf0b549187a491da,0,0,1,0,0,0,0,0,0,0.5,0.0006422824999999,0.0,0.0,0,1,0.0,0.0,0.0,0.0,0,0.0,0.0,,,,,,
1c150a3d70ae2aa5,0,0,1,0,0,0,0,0,0,0.5,0.0006422847222222,0.0,0.0,0,1,0.0,0.0,0.0,0.0,0,0.0,0.0,,,,,,
0fe26f139e68f7a6,0,0,1,0,0,0,0,0,0,0.5,0.0006422874999999,0.0,0.0,0,1,0.0,0.0,0.0,0.0,0,0.0,0.0,,,,,,
0c01529193d576d0,0,0,0,1,0,0,0,0,0,0.5,27.111197845555555,0.0,0.0,0,1,0.0,0.0,0.0,0.0,0,0.0,0.0,,,,,,
41672e41af82008f,0,0,0,1,0,0,0,1,1,0.5,27.622308960277778,0.0,0.0,0,1,0.0,0.0,0.0,0.0,0,0.0,0.0,,,,,,
2ce379d7ad90f854,0,0,0,1,0,0,0,0,0,0.5,32.03925340722222,0.0,0.0,0,1,0.0,0.0,0.0,0.0,0,0.0,0.0,,,,,,
a5b771bbafaeb213,0,0,0,1,0,0,0,1,1,0.5,32.812031186944445,0.0,0.0,0,1,0.0,0.0,0.0,0.0,0,0.0,0.0,,,,,,
dfed3fba40983af4,0,0,0,1,0,0,0,0,0,0.5,32.96564230222222,0.0,0.0,0,1,0.0,0.0,0.0,0.0,0,0.0,0.0,,,,,,
9e580789399703e4,0,0,0,1,0,0,0,0,0,0.5,35.323142304444445,0.0,0.0,0,1,0.0,0.0,0.0,0.0,0,0.0,0.0,,,,,,
a2f080f0af3e8c84,0,0,0,1,0,0,0,1,1,0.5,35.73814230694445,0.0,0.0,0,1,0.0,0.0,0.0,0.0,0,0.0,0.0,,,,,,
0d33c0e344e6c64b,0,0,0,1,0,0,0,0,0,0.5,35.75230897583334,0.0,0.0,0,1,0.0,0.0,0.0,0.0,0,0.0,0.0,,,,,,
8324c5346bddbf89,0,0,0,1,0,0,0,0,0,0.5,35.95592009166667,0.0,0.0,0,1,0.0,0.0,0.0,0.0,0,0.0,0.0,,,,,,
c74f71084c27b422,0,0,0,1,0,0,0,0,0,0.5,36.30425342722222,0.0,0.0,0,1,0.0,0.0,0.0,0.0,0,0.0,0.0,,,,,,
ada8edec2d54ec68,0,0,0,1,0,0,0,1,1,0.5,37.924808984722226,0.0,0.0,0,1,0.0,0.0,0.0,0.0,0,0.0,0.0,,,,,,
35a29dcaeb01632a,0,0,0,1,1,0,1,1,1,0.5,39.074253433611105,0.0,0.0,0,0,0.0,0.0,0.0,0.0,1,0.0,0.0,,,,,,
5928b996afd16b7c,0,0,0,1,0,0,0,1,1,0.5,39.376475658333334,0.0,0.0,0,1,0.0,0.0,0.0,0.0,0,0.0,0.0,,,,,,
1b90e57a50df7b22,0,0,0,1,0,0,0,0,0,0.5,39.82230899388889,0.0,0.0,0,1,0.0,0.0,0.0,0.0,0,0.0,0.0,,,,,,
2c7741a6ed1c1394,0,0,0,1,0,0,0,0,0,0.5,40.114808996388895,0.0,0.0,0,1,0.0,0.0,0.0,0.0,0,0.0,0.0,,,,,,
f021cf147dfea9c8,0,0,0,1,0,0,0,0,0,0.5,41.883420110555555,0.0,0.0,0,1,0.0,0.0,0.0,0.0,0,0.0,0.0,,,,,,
3cf37a09015f5502,0,0,0,1,0,0,0,0,0,0.5,42.22592011472222,0.0,0.0,0,1,0.0,0.0,0.0,0.0,0,0.0,0.0,,,,,,
0c87b25046a8b6a0,0,0,0,1,0,0,0,0,0,0.5,42.28897567305555,0.0,0.0,0,1,0.0,0.0,0.0,0.0,0,0.0,0.0,,,,,,
61f055e8fc14c7f2,0,0,0,1,0,0,0,0,0,0.5,42.31564234194445,0.0,0.0,0,1,0.0,0.0,0.0,0.0,0,0.0,0.0,,,,,,
c9596e8d555215cb,0,0,0,1,0,0,0,0,0,0.5,42.572586790555555,0.0,0.0,0,1,0.0,0.0,0.0,0.0,0,0.0,0.0,,,,,,
0bca1b826d3297eb,0,0,0,1,0,0,0,0,0,0.5,43.26869790388889,0.0,0.0,0,1,0.0,0.0,0.0,0.0,0,0.0,0.0,,,,,,
355fcb01457885cd,0,0,0,1,0,0,0,0,0,0.5,43.593975684722224,0.0,0.0,0,1,0.0,0.0,0.0,0.0,0,0.0,0.0,,,,,,
d43e7796dbaccdd5,0,0,0,1,0,0,0,0,0,0.5,45.04397568722222,0.0,0.0,0,1,0.0,0.0,0.0,0.0,0,0.0,0.0,,,,,,
5bb6dd53f989f24c,0,0,0,1,0,0,0,0,0,0.5,45.52619791166667,0.0,0.0,0,1,0.0,0.0,0.0,0.0,0,0.0,0.0,,,,,,
8ea61110b1b76446,0,0,0,1,0,0,0,1,0,0.5,45.659253469722216,0.0,0.0,0,1,0.0,0.0,0.0,0.0,0,0.0,0.0,,,,,,
1902d460a5780381,0,0,0,1,1,0,0,1,0,0.5,46.204531250555554,0.0,0.0,1,0,0.0,0.0,0.0,0.0,0,0.0,0.0,,,,,,
78a307e959003a88,0,0,0,1,0,0,0,1,0,0.5,46.66036458638889,0.0,0.0,0,1,0.0,0.0,0.0,0.0,0,0.0,0.0,,,,,,
d7fc45f7462a5b94,0,0,0,1,0,0,0,1,1,0.5,46.79675347777778,0.0,0.0,0,1,0.0,0.0,0.0,0.0,0,0.0,0.0,,,,,,
00dc82265bcf3bc9,0,0,0,1,0,0,0,0,0,0.5,47.05758681361111,0.0,0.0,0,1,0.0,0.0,0.0,0.0,0,0.0,0.0,,,,,,
50bfa3091875818c,0,0,0,1,0,0,0,1,0,0.5,47.122309038333334,0.0,0.0,0,1,0.0,0.0,0.0,0.0,0,0.0,0.0,,,,,,
7a05094811a9bf9b,0,0,0,1,0,0,0,0,0,0.5,47.12230904055556,0.0,0.0,0,1,0.0,0.0,0.0,0.0,0,0.0,0.0,,,,,,
bfafca368626947f,0,0,0,1,0,1,0,1,0,0.5,49.12230904305556,0.0,0.0,0,0,0.0,0.0,0.0,0.0,0,0.0,1.0,,,,,,
4b9015a3180d3a46,0,0,0,1,0,0,0,0,0,0.5,49.57119793583333,0.0,0.0,0,1,0.0,0.0,0.0,0.0,0,0.0,0.0,,,,,,
f3cd0e01cd98b100,0,0,0,1,0,0,0,0,0,0.5,49.58675349388889,0.0,0.0,0,1,0.0,0.0,0.0,0.0,0,0.0,0.0,,,,,,
63e4e71d857ae42d,0,0,0,1,0,0,0,1,0,0.5,50.94092016444444,0.0,0.0,0,1,0.0,0.0,0.0,0.0,0,0.0,0.0,,,,,,
7e6c2fd08305ba81,0,0,0,1,0,0,0,1,0,0.5,51.84147572277777,0.0,0.0,0,1,0.0,0.0,0.0,0.0,0,0.0,0.0,,,,,,
993826635a9cb57e,0,0,0,1,0,0,0,1,1,0.5,52.06119794916666,0.0,0.0,0,1,0.0,0.0,0.0,0.0,0,0.0,0.0,,,,,,
d847f5072800c639,0,0,0,1,0,0,0,0,0,0.5,52.70119795222222,0.0,0.0,0,1,0.0,0.0,0.0,0.0,0,0.0,0.0,,,,,,
0aa69c38f4343b78,0,0,0,1,0,0,0,0,0,0.5,53.67619795472222,0.0,0.0,0,1,0.0,0.0,0.0,0.0,0,0.0,0.0,,,,,,
c5ca6b85a6bd9364,0,0,0,1,0,0,0,0,0,0.5,54.30730906805555,0.0,0.0,0,1,0.0,0.0,0.0,0.0,0,0.0,0.0,,,,,,
f9cf5cba901abc15,0,0,0,1,0,0,0,0,0,0.5,56.64758684805555,0.0,0.0,0,1,0.0,0.0,0.0,0.0,0,0.0,0.0,,,,,,
4e479f006a8518f0,0,0,0,1,0,0,0,0,0,0.5,57.0848090725,0.0,0.0,0,1,0.0,0.0,0.0,0.0,0,0.0,0.0,,,,,,
ca3e9f6a2234986f,0,0,0,1,0,0,0,0,0,0.5,58.26647574138889,0.0,0.0,0,1,0.0,0.0,0.0,0.0,0,0.0,0.0,,,,,,
cef391d8944d21cc,0,0,0,1,0,0,0,0,0,0.5,58.80953129944445,0.0,0.0,0,1,0.0,0.0,0.0,0.0,0,0.0,0.0,,,,,,
398bf6447cbfb346,0,0,0,1,0,0,0,0,0,0.5,58.88869796916667,0.0,0.0,0,1,0.0,0.0,0.0,0.0,0,0.0,0.0,,,,,,
c64e88f530d6ec8d,0,0,0,1,0,0,0,0,0,0.5,59.15925352722222,0.0,0.0,0,1,0.0,0.0,0.0,0.0,0,0.0,0.0,,,,,,
08d01050e3ec73a1,0,0,0,1,0,0,0,0,0,0.5,59.66980908472222,0.0,0.0,0,1,0.0,0.0,0.0,0.0,0,0.0,0.0,,,,,,
b09d757c3eb80463,0,0,0,1,0,0,0,0,0,0.5,60.71397575361111,0.0,0.0,0,1,0.0,0.0,0.0,0.0,0,0.0,0.0,,,,,,
445534a9386efc18,0,0,0,1,0,0,0,1,1,0.5,61.17119797805555,0.0,0.0,0,1,0.0,0.0,0.0,0.0,0,0.0,0.0,,,,,,
005f38b6896cc7b8,0,0,0,1,0,0,0,0,0,0.5,61.305920205,0.0,0.0,0,1,0.0,0.0,0.0,0.0,0,0.0,0.0,,,,,,
f575d24a509467aa,0,0,0,1,0,0,0,0,0,0.5,24.885157572222223,0.0,0.0,0,1,0.0,0.0,0.0,0.0,0,0.0,0.0,,,,,,
51900165fab3ac19,0,0,0,1,0,0,0,0,0,0.5,24.963768685555554,0.0,0.0,0,1,0.0,0.0,0.0,0.0,0,0.0,0.0,,,,,,
4c9ce16b1bab1b3f,0,0,0,1,0,0,0,0,0,0.5,24.07792022611111,,0.0,0,1,0.0,0.0,0.0,0.0,0,0.0,0.0,,,,,,
867790e97683ac96,0,0,0,1,0,0,0,0,0,0.5,24.24458689472222,,0.0,0,1,0.0,0.0,0.0,0.0,0,0.0,0.0,,,,,,
66c1cbc5606d3eb4,0,0,0,1,0,0,0,0,0,0.5,24.232632677777776,,0.0,0,1,0.0,0.0,0.0,0.0,0,0.0,0.0,,,,,,
d980dcdf5eb1d8e5,0,0,0,1,0,0,0,0,0,0.5,24.208286441944445,,0.0,0,1,0.0,0.0,0.0,0.0,0,0.0,0.0,,,,,,
dc8cc627e6d20e57,0,0,0,1,0,0,0,0,0,0.5,24.083551002777774,,0.0,0,1,0.0,0.0,0.0,0.0,0,0.0,0.0,,,,,,
89ed937566b7d988,0,0,0,1,0,0,0,0,0,0.5,24.102717673055555,,0.0,0,1,0.0,0.0,0.0,0.0,0,0.0,0.0,,,,,,
9885cbdf3ae8cf3d,0,0,0,1,0,1,0,0,0,0.5,24.267162119444446,,0.0,0,0,0.0,0.0,0.0,0.0,0,0.0,1.0,,,,,,
02bd900a3a5266f7,0,0,0,1,0,0,0,0,0,0.5,24.292162121388888,,0.0,0,1,0.0,0.0,0.0,0.0,0,0.0,0.0,,,,,,
8c80565399476a45,0,0,0,1,0,1,0,0,0,0.5,24.308828789722224,,0.0,0,0,0.0,0.0,0.0,0.0,0,0.0,1.0,,,,,,
670ac574740460d4,0,0,0,1,0,0,0,0,0,0.5,24.647554771388887,,0.0,0,1,0.0,0.0,0.0,0.0,0,0.0,0.0,,,,,,
69b97dffb383d81f,0,0,0,1,0,0,0,0,0,0.5,25.3453325525,,0.0,0,1,0.0,0.0,0.0,0.0,0,0.0,0.0,,,,,,
03c8ebf448f1bac5,0,0,0,1,0,1,0,0,0,0.5,25.355332554166665,,0.0,0,0,0.0,0.0,0.0,0.0,0,0.0,1.0,,,,,,
09db684290929626,0,0,0,1,0,0,0,0,0,0.5,25.437554778333332,,0.0,0,1,0.0,0.0,0.0,0.0,0,0.0,0.0,,,,,,
8550045dcf131ac5,0,0,0,1,0,0,0,0,0,0.5,26.055610337222223,,0.0,0,1,0.0,0.0,0.0,0.0,0,0.0,0.0,,,,,,
7456b5ffbfbc0760,0,0,0,1,0,0,0,0,0,0.5,26.12449922777778,,0.0,0,1,0.0,0.0,0.0,0.0,0,0.0,0.0,,,,,,
0becc274497603f1,0,0,0,1,0,0,0,0,0,0.5,24.047140184166665,,0.0,0,1,0.0,0.0,0.0,0.0,0,0.0,0.0,,,,,,
3f23cad31e272d52,0,0,0,1,0,0,0,0,0,0.5,24.249169488333333,,0.0,0,1,0.0,0.0,0.0,0.0,0,0.0,0.0,,,,,,
05c9db9cd49b9a66,0,0,0,1,0,0,0,0,0,0.95,24.03508177,,0.0,0,1,,,,,0,,0.0,,,,,,
16679b238f2c945e,0,0,0,1,0,0,0,1,1,0.95,24.715915106388888,,0.0,0,1,,,,,0,,0.0,,,,,,
9d76d65a45568158,0,0,0,1,0,0,0,0,0,0.95,25.206748441666665,,0.0,0,1,,,,,0,,0.0,,,,,,
4459ac19fe6864ed,0,0,0,1,0,1,0,0,0,0.95,25.24952622111111,,0.0,0,0,,,,,0,,1.0,,,,,,
b77e837f9317e783,0,0,0,1,0,0,0,0,0,1.0,24.08867333361111,,,0,1,,,,,0,,0.0,,,,,,
57c45f03a73916d8,0,0,0,1,0,0,0,0,0,0.5,69.51782483555556,,0.0,0,1,,,,,0,,0.0,0.0,0.0,0.0,,,
fb99b522c7d1e1a0,0,0,0,1,0,0,0,0,0,0.5,70.8639359538889,,0.0,0,1,,,,,0,,0.0,0.0,0.0,0.0,,,
a580b828150c565a,0,0,0,1,0,0,0,0,0,0.5,71.27921375638888,,0.0,0,1,,,,,0,,0.0,0.0,0.0,0.0,,,
eab10e2ff19b295a,0,0,0,1,0,0,0,0,0,0.5,71.35560264861111,,0.0,0,1,,,,,0,,0.0,0.0,0.0,0.0,,,
2c45e7d3b36a51e3,0,0,0,1,0,0,0,0,0,0.5,71.82226931666666,,0.0,0,1,,,,,0,,0.0,0.0,0.0,0.0,,,
3e5bce5b9bba1e30,0,0,0,1,0,0,0,0,0,0.5,72.07643598444444,,0.0,0,1,,,,,0,,0.0,0.0,0.0,0.0,,,
bce323756609a9ab,0,0,0,1,0,0,0,0,0,0.5,72.10115820777779,,0.0,0,1,,,,,0,,0.0,0.0,0.0,0.0,,,
0568a1127f952192,0,0,0,1,0,0,0,0,0,0.5,72.11088043222223,,0.0,0,1,,,,,0,,0.0,0.0,0.0,0.0,,,
6c729dada4cf67cd,0,0,0,1,0,0,0,0,0,0.5,72.57838043333334,,0.0,0,1,,,,,0,,0.0,0.0,0.0,0.0,,,
a18bbd72400e18d8,0,0,0,1,0,0,0,0,0,0.5,72.58754710083333,,0.0,0,1,,,,,0,,0.0,0.0,0.0,0.0,,,
bd63a2b601368921,0,0,0,1,0,0,0,0,0,0.5,72.83893599194444,,0.0,0,1,,,,,0,,0.0,0.0,0.0,0.0,,,
28e2426badf2424b,0,0,0,1,0,0,0,0,0,0.5,73.09254710388889,,0.0,0,1,,,,,0,,0.0,0.0,0.0,0.0,,,
113e9434540f9f46,0,0,0,1,0,0,0,0,0,0.5,73.50976932722222,,0.0,0,1,,,,,0,,0.0,0.0,0.0,0.0,,,
a03defd1ab8a9318,0,0,0,1,0,0,0,0,0,0.5,73.80365821722222,,0.0,0,1,,,,,0,,0.0,0.0,0.0,0.0,,,
097eda4886f23aa6,0,0,0,1,0,0,0,0,0,0.5,74.47338044055554,,0.0,0,1,,,,,0,,0.0,0.0,0.0,0.0,,,
0e5c62de5e3f02d6,0,0,0,1,0,0,0,0,0,0.5,74.71254710805556,,0.0,0,1,,,,,0,,0.0,0.0,0.0,0.0,,,
4638a96da284969f,0,0,0,1,0,0,0,0,0,0.5,75.09615822027779,,0.0,0,1,,,,,0,,0.0,0.0,0.0,0.0,,,
f8d063c42f79b648,0,0,0,1,0,0,0,0,0,0.5,75.73310266694443,,0.0,0,1,,,,,0,,0.0,0.0,0.0,0.0,,,
f4ed35f526512bbe,0,0,0,1,0,0,0,0,0,0.5,75.73893600222223,,0.0,0,1,,,,,0,,0.0,0.0,0.0,0.0,,,
3cbf8373c06e7d2e,0,0,0,1,0,0,0,0,0,0.5,75.83060267,,0.0,0,1,,,,,0,,0.0,0.0,0.0,0.0,,,
a5e717cf7584786c,0,0,0,1,0,0,0,0,0,0.5,76.0458804488889,,0.0,0,1,,,,,0,,0.0,0.0,0.0,0.0,,,
8a2afc4d559a4081,0,0,0,1,0,0,0,0,0,0.5,76.13865822861112,,0.0,0,1,,,,,0,,0.0,0.0,0.0,0.0,,,
a1b0320572eca1a1,0,0,0,1,0,0,0,0,0,0.5,76.78893600833334,,0.0,0,1,,,,,0,,0.0,0.0,0.0,0.0,,,
6a0027a2047f8259,0,0,0,1,0,0,0,0,0,0.5,76.88504712055556,,0.0,0,1,,,,,0,,0.0,0.0,0.0,0.0,,,
963e571c9dc6f4e8,0,0,0,1,0,0,0,1,0,0.5,77.13338045583333,,0.0,0,1,,,,,0,,0.0,0.0,0.0,0.0,,,
ac6727fd5b5f1449,0,0,0,1,0,0,0,1,1,0.5,77.56365823472223,,0.0,0,1,,,,,0,,0.0,0.0,0.0,0.0,,,
2eaa44dc60b14708,0,0,0,1,0,0,0,1,0,0.95,24.169940153888888,,1.0,0,0,,,,,0,,0.0,0.0,0.0,0.0,0.0,0.0,0.0
f19205ea2759d9ea,0,0,0,1,0,0,0,0,0,0.55,24.177995712222224,,0.0,0,1,,,,,0,,0.0,0.0,0.0,0.0,0.0,0.0,0.0
f191ff6fa1916a07,0,0,0,1,0,0,0,0,0,0.95,43.15994022,,0.0,0,0,,,,,0,,0.0,0.0,1.0,0.0,0.0,0.0,0.0
e5f1808add90aaa1,0,0,0,1,0,0,0,0,0,0.9,47.911606900277775,,0.0,0,1,,,,,0,,0.0,0.0,0.0,0.0,0.0,0.0,0.0
dc5f680b6f00d163,0,0,0,1,0,1,0,1,1,0.9,24.04638615305556,,0.0,0,0,,,,,0,,1.0,0.0,0.0,0.0,0.0,0.0,0.0
5385725b729f1531,0,0,0,1,0,0,0,0,0,0.55,24.194997265833333,,0.0,0,1,,,,,0,,0.0,0.0,0.0,0.0,0.0,0.0,0.0
745fafef7e4e762d,0,0,0,1,0,0,0,0,0,1.0,24.388330600277776,,1.0,0,0,,,,,0,,0.0,0.0,0.0,0.0,0.0,0.0,0.0
